<?xml version="1.0" encoding="UTF-8" standalone="yes"?>
<addon id="plugin.video.AliveTR"
       name="AliveTR"
       version="1.0"
       provider-name="don24crk">
  <requires>
    <import addon="xbmc.python" version="2.10.0"/>
    <import addon="script.module.requests"/>
  </requires>
  <extension point="xbmc.python.pluginsource"
            library="default.py">
        <provides>video</provides>
  </extension>
  <extension point="xbmc.addon.metadata">
    <summary lang="en">Turkish TV from don24crk</summary>
    <language>en</language>
    <description lang="en">Live tv addon for free</description>
     <platform>all</platform>
  </extension>
</addon>
