<?xml version="1.0" encoding="UTF-8" standalone="yes"?>
<addon id="plugin.video.GreekTV" name="GreekTV By don24crk" version="1.0" provider-name="don24crk">
    <requires>
        <import addon="xbmc.addon" version="17.9.910"/>
        <import addon="resource.images.alivegr.artwork" version="3.0.6"/>
        <import addon="resource.images.alivegr.logos" version="1.0.2"/>
        <import addon="script.module.resolveurl" version="5.1.84"/>
        <import addon="script.module.resolveurl.pluginsgr" version="0.0.13"/>
        <import addon="script.module.scrapetube" version="2.3.1.1"/>
        <import addon="script.module.tulip" version="3.1.0"/>
        <import addon="plugin.video.youtube" version="6.8.18"/>
    </requires>
    <extension point="xbmc.python.pluginsource" library="main.py">
        <provides>video audio image executable</provides>
    </extension>
    <extension point="xbmc.service" library="resources/lib/modules/service.py"/>
    <extension point="xbmc.addon.metadata">
        <platform>all</platform>
        <reuselanguageinvoker>false</reuselanguageinvoker>
        <summary lang="en">GreekTV By don24crk addon</summary>
        <description lang="en_GB">GreekTV By don24crk is an addon allowing streaming content available mostly in Greek language.</description>
        <disclaimer lang="en_GB">GreekTV By don24crk's author does not host, stream or distribute any of the content displayed inside this software and cannot be held responsible for the quality or availability of the listed streams.
On demand content is scraped from various websites and is freely available on the internet on public domains. This software acts only as a search engine.
Kindly note that GreekTV By don24crk is not an official part of the media player you are running, and therefore not to be mentioned within official support channels, this addon has nothing to do with the media player itself, nor it’s intended use, it is simply a third party plugin which has been added to your system and it is provided "as is" with no warranty.</disclaimer>
        <summary lang="el_GR">Πρόσθετο GreekTV By don24crk</summary>
        <description lang="el_GR">Το πρόσθετο GreekTV By don24crk επιτρέπει τη θέαση ροών με περιεχόμενο κυρίως εις την Ελληνική γλώσσα.</description>
        <disclaimer lang="el_GR">Ο δημιουργός του GreekTV By don24crk δε φιλοξενεί ή παρέχει οποιοδήποτε από τα απεικονιζόμενα πολυμέσα και περιεχόμένο εντός του μενού του και δεν μπορεί να θεωρηθεί υπεύθυνος για την ποιότητα ή την διαθεσιμότητα των ροών.
Το περιεχόμενο αναπαραγωγής κατά βούληση φιλτράρεται από διάφορες ιστοσελίδες ελεύθερα διαθέσιμες στο διαδίκτυο σε δημόσιους ιστότοπους. Το παρόν λογισμικό ενεργεί μόνο ως μηχανή αναζήτησης.
Παρακαλώ προσέξτε ότι το GreekTV By don24crk δεν είναι επίσημο κομμάτι του αναπαραγωγέα πολυμέσων Kodi ή της καθορισμένης χρήσης του, είναι απλά μία μικροεφαρμογή που προστέθηκε στο σύστημά σας και που παρέχεται "όπως είναι" χωρίς καμία εγγύηση καλής λειτουργίας.</disclaimer>
        <language>en el</language>
        <license>GPL-3.0-only</license>
        <forum>-</forum>
        <source>https://raw.githubusercontent.com/don24crk/Don24crk-Repository/refs/heads/master/plugin.video.GreekTV</source>
        <website>-</website>
        <news>+ [COLOR green]2.11.X series[/COLOR] [I]11-09-2022 - 15-04-2023[/I]

version 1.0
Additions:
- Playback history
- Add capability to rename/change search history items
- Add capability of auto container refresh on certain settings change (ie icon theme)
- IPTV Setup client setup reapplied and simplified
- Add greek iptv m3u list as new menu item (defaults to off)

Fixes:
- The usual bug fixes here and there
- Fixed gamato kids indexer
- Fixed addon.xml validation
- Fixed installation failure and Kodi crash on Android
- Added exception for variable quality choice on Montreal Greek TV's stream

Replacements/Substitutions:
- Clean up and rearrangement to the tools section/menu/settings (and submenus)
- Renamed history.csv to search_history.csv (to accommodate naming scheme for playback history)
- Replace deprecated "client.request" function to net.HTTP_get
- Get item title for pinning from a query than listitem (fixes behaviour when there are gui delays)
- Rename "Toronto Channels" live group into "Editor's Choice"
- Improved screenshots

Removals:
- Changelog in news section (addon.xml) will contain only the latest version, please refer to changelog.txt for more details about past versions
- Miscellany section</news>
        <assets>
            <icon>resources/media/icon.png</icon>
            <fanart>resources/media/fanart.jpg</fanart>
            <screenshot>resources/media/main_menu.jpg</screenshot>
            <screenshot>resources/media/live_streams.jpg</screenshot>
            <screenshot>resources/media/networks.jpg</screenshot>
            <screenshot>resources/media/movies.jpg</screenshot>
            <screenshot>resources/media/tv_series.jpg</screenshot>
            <screenshot>resources/media/kids_movies.jpg</screenshot>
            <screenshot>resources/media/search.jpg</screenshot>
            <screenshot>resources/media/newspapers_frontpages.jpg</screenshot>
            <screenshot>resources/media/music.jpg</screenshot>
        </assets>
    </extension>
</addon>
