<?xml version="1.0" encoding="UTF-8" standalone="yes"?>
<addon id="plugin.video.anime4you" name="Anime4you" version="1.0" provider-name="don24crk">
    <requires>
        <import addon="xbmc.python" version="2.25.0"/>
        <import addon="script.module.requests"/>
    </requires>
    <extension point="xbmc.python.pluginsource" library="Default.py">
        <provides>video</provides>
    </extension>
    <extension point="xbmc.addon.metadata">
        <news>
[COLOR orange][B]Anime4You[/B][/COLOR] - &amp; Anime
[B]1.0:[/B]
-first Release!.
        </description>
        <platform lang="en">all</platform>
        <disclaimer lang="en">The authors of this addon do not host any of the content found or have any affiliation with the content providers. This add-on only scrapes web pages.</disclaimer>
    </extension>
</addon>