<?xml version="1.0" encoding="UTF-8" standalone="yes"?>
<addon id="plugin.video.Hannah-Montana"
       name="Hannah Montana Die Serie"
       version="2.0"
       provider-name="don24crk">
  <requires>
    <import addon="xbmc.python" version="2.12.0"/>
    <import addon="script.module.requests"/>
  </requires>
  <extension point="xbmc.python.pluginsource"
            library="default.py">
        <provides>video</provides>
  </extension>
  <extension point="xbmc.addon.metadata">
    <summary lang="en">Hannah Montana Die Serie auf Deutsch from don24crk</summary>
    <language>en</language>
    <description lang="en">Hannah Montana Die Serie auf Deutsch from don24crk</description>
     <platform>all</platform>
  </extension>
</addon>
