<?xml version="1.0" encoding="UTF-8" standalone="yes"?>
<addon id="plugin.video.Greektv_addon"
       name="Greek TV Addon"
       version="2.3"
       provider-name="don24crk">
  <requires>
    <import addon="xbmc.python" version="2.12.0"/>
    <import addon="script.module.requests"/>
  </requires>
  <extension point="xbmc.python.pluginsource"
            library="default.py">
        <provides>video</provides>
  </extension>
  <extension point="xbmc.addon.metadata">
    <summary lang="en">Greek TV from don24crk</summary>
    <language>en</language>
    <description lang="en">Live tv addon for free</description>
     <platform>all</platform>
  </extension>
</addon>
