<?xml version="1.0" encoding="UTF-8" standalone="yes"?>
<addon id="plugin.video.screamseason3"
	name="Scream the Mtv Series Season 3"
	version="1.0"
	provider-name="Don24crk">
  <requires>
    <import addon="xbmc.python" version="2.1.0"/>
    <import addon="script.module.addon.common" version="2.0.0"/>
    <import addon="plugin.video.youtube" version="6.4.0"/>
  </requires>
  <extension point="xbmc.python.pluginsource" library="default.py">
    <provides>video</provides>
  </extension>
  <extension point="xbmc.addon.metadata">
    <summary lang="en">Scream the Mtv Series Season 3 Youtube Add-on</summary>
    <description lang="en">Scream the Mtv Series Season 3 Youtube</description>
    <platform>all</platform>
    <forum>n/a</forum>
    <website></website>
  </extension>
</addon>
