﻿<?xml version="1.0" encoding="UTF-8" standalone="yes"?>
<addon id="plugin.video.antennaeurope.gr" version="1.0" name="ANT1 Europe Player" provider-name="don24crk">
    <requires>
        <import addon="xbmc.addon" version="16.1.000"/>
        <import addon="script.module.tulip" version="2.9.10" />
        <import addon="plugin.video.youtube" version="6.8.18"/>
    </requires>
    <extension point="xbmc.python.pluginsource" library="addon.py">
        <provides>video audio</provides>
    </extension>
    <extension point="kodi.context.item">
        <menu id="kodi.core.main">
            <item library="resources/lib/youtube_bookmark.py">
                <label>30004</label>
                <visible>
                    String.StartsWith(Container.FolderPath,plugin://plugin.video.youtube/channel/UC0smvAbfczoN75dP0Hw4Pzw/) +
                    !String.Contains(ListItem.Art(thumb),resources/media) +
                    !String.Contains(ListItem.FolderPath,page_token)
                </visible>
            </item>
        </menu>
    </extension>
    <extension point="xbmc.addon.metadata">
        <summary lang="en_GB">ANT1 Europe Player addon for Kodi</summary>
        <reuselanguageinvoker>true</reuselanguageinvoker>
        <description lang="en_GB">ANT1 Europe live and on-demand broadcasts</description>
        <description lang="el_GR">Ζωντανές και on demand υπηρεσίες του ANT1 Europe </description>
        <disclaimer lang="en_GB">This addon offers content available in Greece and is not published nor endorsed by ANT1 Europe.gr</disclaimer>
        <disclaimer lang="el_GR">Το πρόσθετο αυτό προσφέρει περιεχόμενο διαθέσιμο στην Ελλάδα και δεν έχει δημοσιευθεί ούτε εγκριθεί από το ANT1 Europe.gr</disclaimer>
        <language>en el</language>
        <license>GPL-3.0-only</license>
        <source>https://github.com/Twilight0/plugin.video.antenna.gr</source>
        <website>http://www.antenna.gr/</website>
        <size>204493</size>
        <news>[B]3.0.0[/B]
- Rework addon due to website changes

[B]2.3.1[/B]
- Replace futures with tulip's own method
- Pagination now disabled by default

[B]2.3.0[/B]
- Change caching method
- Utilize futures for parallel threading</news>
        <assets>
            <icon>icon.png</icon>
            <fanart>fanart.jpg</fanart>
            <!--<screenshot>resources/screenshots/screenshot-01.jpg</screenshot>-->
            <!--<screenshot>resources/screenshots/screenshot-02.jpg</screenshot>-->
            <!--<screenshot>resources/screenshots/screenshot-03.jpg</screenshot>-->
        </assets>
        <platform>all</platform>
        <language>en el</language>
    </extension>
</addon>
