<?xml version="1.0" encoding="UTF-8" standalone="yes"?>
<addon id="plugin.video.sakisrouvas"
	name="Sakis Rouvas Kodi Add-on"
	version="1.1"
	provider-name="Don24crk">
  <requires>
    <import addon="xbmc.python" version="2.1.0"/>
    <import addon="script.module.addon.common" version="2.0.0"/>
    <import addon="plugin.video.youtube" version="6.4.1"/>
  </requires>
  <extension point="xbmc.python.pluginsource" library="default.py">
    <provides>video</provides>
  </extension>
  <extension point="xbmc.addon.metadata">
    <summary lang="en">Sakis Rouvas Kodi Add-on</summary>
    <description lang="en">Sakis Rouvas Kodi Add-on</description>
    <platform>all</platform>
    <forum>n/a</forum>
    <website></website>
  </extension>
</addon>
