<?xml version="1.0" encoding="UTF-8" standalone="yes"?>
<addon id="plugin.video.Bollywoodfilmeaufdeutsch"
       name="Bollywoodfilme auf Deutsch"
       version="1.0"
       provider-name="don24crk">
  <requires>
    <import addon="xbmc.python" version="3.0.0"/>
    <import addon="script.module.requests"/>

  </requires>
  <extension point="xbmc.python.pluginsource"
            library="default.py">
        <provides>video</provides>
  </extension>
  <extension point="xbmc.addon.metadata">
    <summary lang="en">Bollywoodfilme auf Deutsch addon By don24crk</summary>
        <description lang="en_GB">Bollywoodfilme auf Deutsch By don24crk is an addon allowing streaming content available mostly in Greek language.</description>
        <disclaimer lang="en_GB">Bollywoodfilme auf Deutsch By don24crk's author does not host, stream or distribute any of the content displayed inside this software and cannot be held responsible for the quality or availability of the listed streams.
On demand content is scraped from various websites and is freely available on the internet on public domains. This software acts only as a search engine.
Kindly note that Bollywoodfilme auf Deutsch By don24crk is not an official part of the media player you are running, and therefore not to be mentioned within official support channels, this addon has nothing to do with the media player itself, nor it’s intended use, it is simply a third party plugin which has been added to your system and it is provided "as is" with no warranty.</disclaimer>
     <platform>all</platform>
	 <assets>
			<icon>icon.png</icon>
			<fanart>fanart.jpg</fanart>
		</assets>
  </extension>
</addon>
