﻿<?xml version="1.0" encoding="UTF-8" standalone="yes"?>
<addon id="plugin.video.opentv.gr" version="1.0.0" name="OPENTV Player" provider-name="don24crk">
	<requires>
		<import addon="xbmc.python" version="2.24.0" />
		<import addon="script.module.tulip" version="1.2.9" />
		<import addon="plugin.video.youtube" version="5.4.0" optional="true" />
	</requires>
	<extension point="xbmc.python.pluginsource" library="addon.py">
		<provides>video</provides>
	</extension>
	<extension point="xbmc.addon.metadata">
		<summary lang="en_GB">OPENTV Player addon for Kodi</summary>
		<summary lang="en_GR">Πρόσθετο OPENTV Player για το Kodi</summary>
		<description lang="en_GB">OPENTV live and on-demand broadcasts</description>
		<description lang="el_GR">Ζωντανές και on demand υπηρεσίες του OPENTV</description>
		<disclaimer lang="en_GB">This addon offers content available in Greece and is not published nor endorsed by tvopen.gr</disclaimer>
		<disclaimer lang="el_GR">Το πρόσθετο αυτό προσφέρει περιεχόμενο διαθέσιμο στην Ελλάδα και δεν έχει δημοσιευθεί ούτε εγκριθεί από το tvopen.gr</disclaimer>
		<license>GNU GENERAL PUBLIC LICENSE. Version 3, 29 June 2007</license>
		<source>don24crks</source>
		<website>http://www.tvopen.gr/</website>
        <size>585kb</size>
		<news>
[B]1.0.0[/B]
- First initial Release v1.0.

		</news>
		<assets>
			<icon>icon.png</icon>
			<fanart>fanart.jpg</fanart>
			<screenshot>resources/screenshots/screenshot-01.jpg</screenshot>
			<screenshot>resources/screenshots/screenshot-02.jpg</screenshot>
			<screenshot>resources/screenshots/screenshot-03.jpg</screenshot>
		</assets>
		<platform>all</platform>
		<language>en el</language>
		<forum></forum>
		<email></email>
	</extension>
</addon>