<?xml version="1.0" encoding="UTF-8" standalone="yes"?>
<addon id="repository.don24crk" name="[B][COLOR lime]don24crk[B][COLOR white] Repository[/COLOR][/B]" version="1.0" provider-name="don24crk">
	<extension point="xbmc.addon.repository" name="don24crk repository">
    <info compressed="false">https://raw.githubusercontent.com/don24crk/Don24crk-Repository/master/repo.don24crk/addons.xml</info>
		<checksum>https://raw.githubusercontent.com/don24crk/Don24crk-Repository/master/repo.don24crk/addons.xml.md5</checksum>
		<datadir zip="true">https://github.com/don24crk/Don24crk-Repository/tree/master/repo.don24crk</datadir>
	</extension>
	  <extension point="xbmc.addon.metadata">
		<summary lang="en">don24crk Repository</summary>
		<description lang="en">don24crk Repository...</description>
		<platform>all</platform>	
	  </extension>
</addon>