<?xml version="1.0" encoding="UTF-8" standalone="yes"?>
<addon id="plugin.video.First_addon"
       name="First addon"
       version="0.0.1"
       provider-name="simpletechnerd,don24crk">
  <requires>
    <import addon="xbmc.python" version="3.0.0"/>
    <import addon="script.module.requests"/>

  </requires>
  <extension point="xbmc.python.pluginsource"
            library="default.py">
        <provides>video</provides>
  </extension>
  <extension point="xbmc.addon.metadata">
    <summary lang="en">This Is Used For Simple TechNerd's Tutorial</summary>
        <description lang="en_GB">Live tv addon for free.</description>
</disclaimer>
     <platform>all</platform>
	 <assets>
			<icon>icon.png</icon>
			<fanart>fanart.jpg</fanart>
		</assets>
  </extension>
</addon>
