<?xml version="1.0" encoding="UTF-8" standalone="yes"?>
<addon id="repository.gman" name="[COLOR lime]G-Man Matrix Repository[/COLOR]" version="19.0.0" provider-name="G-Man">
    <extension point="xbmc.addon.repository" name="G-Man Matrix Repository">
        <dir>
            <info compressed="false">https://www.streamingave.com/kodi/repofiles_matrix/addons.xml</info>
            <checksum>https://www.streamingave.com/kodi/repofiles_matrix/addons.xml.md5</checksum>
            <datadir zip="true">https://www.streamingave.com/kodi/repofiles_matrix/</datadir>
        </dir>
        <dir minversion="18.0" maxversion="18.9.0">
		    <info compressed="false">https://raw.githubusercontent.com/jurialmunkey/repository.jurialmunkey/master/leia/zips/addons.xml</info>
            <checksum>https://raw.githubusercontent.com/jurialmunkey/repository.jurialmunkey/master/leia/zips/addons.xml.md5</checksum>
            <datadir zip="true">https://raw.githubusercontent.com/jurialmunkey/repository.jurialmunkey/master/leia/zips/</datadir>
        </dir>
	    <dir minversion="18.9.0">
		    <info compressed="false">https://raw.githubusercontent.com/jurialmunkey/repository.jurialmunkey/master/matrix/zips/addons.xml</info>
            <checksum>https://raw.githubusercontent.com/jurialmunkey/repository.jurialmunkey/master/matrix/zips/addons.xml.md5</checksum>
           <datadir zip="true">https://raw.githubusercontent.com/jurialmunkey/repository.jurialmunkey/master/matrix/zips/</datadir>
	    </dir>
        <dir minversion="18.0" maxversion="18.9.0">
		    <info compressed="false">https://raw.githubusercontent.com/nixgates/nixgates/master/packages/leia/addons.xml</info>
            <checksum>https://raw.githubusercontent.com/nixgates/nixgates/master/packages/leia/addons.xml.md5</checksum>
		    <datadir zip="true">https://raw.githubusercontent.com/nixgates/nixgates/master/packages/leia/</datadir>
        </dir>
	    <dir minversion="18.9.0">
		    <info compressed="false">https://raw.githubusercontent.com/nixgates/nixgates/master/packages/matrix/addons.xml</info>
            <checksum>https://raw.githubusercontent.com/nixgates/nixgates/master/packages/matrix/addons.xml.md5</checksum>
		    <datadir zip="true">https://raw.githubusercontent.com/nixgates/nixgates/master/packages/matrix/</datadir>
        </dir>
        <dir>
            <info compressed="false">https://github.com/host505/repository.host505/raw/master/addons.xml</info>
            <checksum>https://github.com/host505/repository.host505/raw/master/addons.xml.md5</checksum>
            <datadir zip="true">https://raw.githubusercontent.com/host505/repository.host505/master/</datadir>
        </dir>
        <dir>
    	    <info compressed="false">https://raw.github.com/jmooremcc/Repository.jmooremcc/master/addons.xml</info> <checksum>https://raw.github.com/jmooremcc/Repository.jmooremcc/master/addons.xml.md5</checksum>
		    <datadir zip="true">https://raw.github.com/jmooremcc/Repository.jmooremcc/master</datadir>
        </dir>
    </extension>
    <extension point="xbmc.addon.metadata">
    	<summary>G-Man Repo</summary>
        <description>A new repo for Kodi 19 Matrix</description>
        <platform>all</platform>
        <assets>
            <icon>icon.png</icon>
        </assets>
    </extension>
</addon>