﻿<?xml version="1.0" encoding="utf-8" standalone="yes"?>
<addon id="plugin.video.galileo" name="Galileo [COLOR FF00EE00](neu)[/COLOR]" version="3.0.1+matrix.1" provider-name="don24crk">
	<requires>
		<import addon="xbmc.python" version="3.0.0"/>
		<import addon="plugin.video.youtube" version="6.8.18+matrix.1"/>
	</requires>
	<extension point="xbmc.python.pluginsource" library="default.py">
		<provides>video</provides>
	</extension>
	<extension point="xbmc.addon.metadata">
		<summary lang="de_DE">Galileo auf YOUTUBE</summary>
		<summary lang="en_GB">Galileo on YOUTUBE</summary>
		<description lang="de_DE">Jeden Tag, rund um die Uhr bietet Galileo seit 1993 Interessantes aus der Welt der Wissenschaft, dem Tierreich und der Technik. Aber auch Fragen aus dem Alltag werden behandelt.</description>
		<description lang="en_GB">Every day, around the clock, Galileo has been offering interesting facts from the world of science, the animal kingdom and technology since 1993. But questions from everyday life are also dealt with.</description>
		<disclaimer lang="de_DE">Die von diesem Addon dargestellten Inhalte werden von den Erstellern des Addons weder gehostet oder verbreitet, noch stehen die Ersteller in irgendeiner Beziehung zu den Anbietern des Inhalts.</disclaimer>
		<disclaimer lang="en_GB">The author does not host or distribute any of the content displayed by this addon. The author does not have any affiliation with the content providers.</disclaimer>
		<language></language>
		<platform>all</platform>
		<license>GNU GENERAL PUBLIC LICENSE. Version 3, June 2007</license>
		<forum>https://www.kodinerds.net/index.php/Thread/55451-L0REs-Blog/</forum>
		<website>https://www.galileo.tv</website>
		<email></email>
		<mainsource>https://github.com/Collabsvito/REpo-AiO/</mainsource>
		<source>https://github.com/Collabsvito/REpo-AiO/tree/master/MATRIX/plugin.video.weltderwunder</source>
		<assets>
			<icon>resources/media/icon.png</icon>
			<fanart>resources/media/fanart.jpg</fanart>
		</assets>
		<news>[B][COLOR orangered]Version 3.0.1+matrix.1  (14.05.2022)[/COLOR][/B] by don24crk[CR]
- Pluginname changed with this ReRelease (old=plugin.video.galileo -> new=plugin.video.galileo)
- Komplette Neuauflage des Galileo-Addons nach Webseitenerneuerung (ReRelease)
- removed: Alle Rubriken der Webseite, da kaum noch Videos vorhanden sind
- added: Diverse Rubriken der Youtube-Seite überarbeitet und diese als Startansicht festgelegt (da die Galileo-Mediathek komplett zu Youtube ausgelagert wurde)
		</news>
	</extension>
</addon>